"ID","X"
1,NA
2,2190.81459566951
3,-1918.64068619907
4,279.428806388751
5,946.690789423883
6,2115.23320991546
7,-1796.76329018548
8,-147.557021118701
9,842.594365822151
10,1760.14709519222
11,2374.76690555923
12,2489.85490063205
13,-224.130336428061
14,-1450.15738205984
15,-2013.5910785757
16,555.004585767165
17,-1108.55341306888
18,695.935266558081
19,641.784613253549
20,-1254.45788959041
21,1001.69204757549
22,-49.8252047691494
23,-2096.2785941083
24,-1179.82927244157
25,-622.70397786051
26,881.600488210097
27,-65.4044200200588
28,1385.35866164602
29,-199.2479164619
30,1159.27198203281
31,1002.32031429186
32,1423.00062230788
33,451.452410779893
34,-2478.16084884107
35,994.267896749079
36,-2269.4656800013
37,-298.808900406584
38,-619.953917339444
39,360.744961071759
40,-1243.16572328098
41,-1438.4170784615
42,-431.278068572283
43,62.5304516870528
44,1880.10749523528
45,-1810.23786775768
46,142.331030219793
47,-746.919412631541
48,1547.24590945989
49,-1684.21367416158
50,726.413195952773
51,-1643.55785702355
52,1749.08597837202
53,506.274733925238
54,-626.881252974272
55,-702.426151838154
56,645.086711738259
57,1888.74795101583
58,-26.4214677736163
59,-350.259321276098
60,-1767.958503915
61,-345.92718933709
62,2315.7975403592
63,305.053803604096
64,838.528353488073
65,-1066.04198692366
66,-2323.77754058689
67,704.082212178037
68,2360.24182289839
69,-1335.1565238554
70,-1385.52926015109
71,827.12903036736
72,-1140.72367665358
73,NA
74,-87.2911617625505
75,707.428007153794
76,-830.825509037822
77,-1403.8408768829
78,674.633057788014
79,329.223640728742
80,2223.44145877287
81,-190.273150801659
82,2276.89347113483
83,1324.66595154256
84,-1197.04536627978
85,-405.091093853116
86,-1823.62806983292
87,166.858718730509
88,-1668.40067831799
89,-697.473959298804
90,-1304.63194800541
91,677.04918445088
92,NA
93,509.663089178503
94,1001.9688506145
95,1660.43220786378
96,350.346065824851
97,1580.95540478826
98,333.538487320766
99,695.928300265223
100,-2112.45805257931
101,598.300378769636
102,-2485.50796997733
103,1206.91237621941
104,2418.56334032491
105,-2118.65092162043
106,-798.485319828615
107,-2153.43693271279
108,2347.25850285031
109,-688.5589833837
110,-2403.05250161327
111,2427.38747620024
112,1621.98583828285
113,1316.14758167416
114,NA
115,880.267947213724
116,692.669716663659
117,-1682.58082238026
118,-738.783943234012
119,512.754779774696
120,-2416.05411865748
121,696.537868352607
122,-2074.13203199394
123,1140.43667446822
124,-1981.49121599272
125,359.001907054335
126,NA
127,-2336.89781744033
128,36.1092097591609
129,-1348.80774421617
130,-679.3776107952
131,-2239.31786371395
132,-641.4120469708
133,820.556272519752
134,801.826802780852
135,-2401.94809972309
136,1484.41116325557
137,-375.565001741052
138,1382.11627607234
139,-2343.47920049913
140,197.437145980075
141,-1647.10365002975
142,3.58260469511151
143,-203.343433095142
144,-140.668201493099
145,-1998.84825618938
146,1616.23500986025
147,-2383.50533181801
148,-86.0878883395344
149,1046.36867064983
150,-195.976609829813
151,74.7173780109733
152,-1903.77663471736
153,971.386557212099
154,1073.3610438183
155,1486.50961113162
156,820.102213183418
157,-577.85349083133
158,-456.916646799073
159,-2033.57136808336
160,-1862.78983135708
161,153.343118727207
162,-2331.78466325626
163,1190.29989116825
164,1623.57904599048
165,562.686938792467
166,-1550.85543752648
167,-1168.53597806767
168,NA
169,-1090.95432912
170,-90.6495656818151
171,1894.72779049538
172,1398.65552890114
173,2020.67912905477
174,1468.2462788187
175,1239.40402874723
176,-1899.87698802724
177,449.449284933507
178,-280.924248509109
179,-951.050923904404
180,-817.733316216618
181,1947.96846830286
182,-339.788954006508
183,852.223323890939
184,-589.894792065024
185,-1595.87418544106
186,-1955.02754417248
187,1596.16355900653
188,-70.1857404783368
189,222.0511471387
190,-2344.57770129666
191,-1672.41204180755
192,-179.661632282659
193,16.5945698972791
194,-412.747346563265
195,-294.668045826256
196,-1208.90501653776
197,NA
198,903.911986388266
199,-1396.42327325419
200,-1859.84760057181
201,-1962.60169963352
202,-1611.40792188235
203,1608.23031561449
204,20.450206939131
205,538.840376539156
206,-941.498625325039
207,1039.57839193754
208,1210.8238064684
209,-195.720823248848
210,-403.061265824363
211,-2278.79165904596
212,2179.13890490308
213,-1604.42914464511
214,1650.68936068565
215,870.151836425066
216,NA
217,1586.40168607235
218,-662.91744587943
219,2.12777871638536
220,-2227.72154025733
221,1439.39055968076
222,1356.21690191329
223,-250.238607404754
224,2155.33794136718
225,-788.054947042838
226,-1215.49570932984
227,1669.99350883998
228,2336.27428417094
229,1605.94313871115
230,2101.5954867471
231,-519.524996634573
232,-2095.48395592719
233,118.890408193693
234,1902.4340051692
235,13.4290056303144
236,1806.34668446146
237,1933.21864237078
238,457.76202226989
239,-1895.53313422948
240,486.297593452036
241,-1218.62488449551
242,-1218.25207141228
243,-1367.48442891985
244,-1086.15236938931
245,-981.197878718376
246,-1236.90225416794
247,1569.36944113113
248,1762.24832888693
249,-2472.19090117142
250,-1867.81837255694
251,NA
252,-1179.48932573199
253,-36.0313290730119
254,125.996894203126
255,2403.56789319776
256,-2391.35381067172
257,NA
258,-1524.4982612785
259,2439.52633696608
260,-805.747235426679
261,-1566.05212250724
262,-2350.70161172189
263,-2362.88757994771
264,1178.22639527731
265,440.564783057198
266,-1815.57615520433
267,-2051.17362434976
268,1042.87420166656
269,-401.423282455653
270,-733.489042613655
271,1393.78351275809
272,-1546.4972879272
273,1008.7184002623
274,-2174.61294145323
275,1777.01522014104
276,1274.25867831334
277,1723.10005873442
278,2230.66841717809
279,-1746.72073102556
280,853.542929980904
281,-2020.06463776343
282,-1479.11852342077
283,-2052.31771687977
284,-1405.19936336204
285,-1741.65788572282
286,NA
287,935.399300651625
288,99.7909775469452
289,2341.24987968244
290,-129.719239193946
291,-109.777244506404
292,-2162.37163986079
293,-1097.07657713443
294,442.056088941172
295,-1046.40606208704
296,-980.313653126359
297,-114.030713448301
298,-1197.23264593631
299,44.3288614042103
300,2324.01693705469
301,-157.519103959203
302,1048.43300534412
303,-322.501014452428
304,-666.286052437499
305,584.246270591393
306,-2196.17115799338
307,-1345.92157672159
308,1372.15999537148
309,-2069.07653715461
310,879.299028310925
311,-1723.49448082969
312,30.8206421323121
313,1200.94878366217
314,-895.277144154534
315,12.2252653818578
316,2223.99585763924
317,-41.3952674716711
318,1104.87500089221
319,-452.304411446676
320,1776.74775710329
321,1769.64133279398
322,-958.124472526833
323,722.687094239518
324,-1644.05927062035
325,1805.22894021124
326,-1818.92766267993
327,-2045.42292864062
328,759.609318338335
329,2497.33805889264
330,-1472.15365548618
331,643.98494665511
332,-2114.62766979821
333,2481.75947926939
334,-1623.46808589064
335,-1808.04597679526
336,-2342.38710487261
337,583.70468672365
338,2480.32797127962
339,1329.54492699355
340,98.0556535068899
341,986.335290363058
342,-1655.46838310547
343,-1506.48719049059
344,-953.425337793306
345,-2330.92040056363
346,1231.72578867525
347,1915.93777621165
348,1745.35130965523
349,-561.679410748184
350,-1627.87757697515
351,-618.202588520944
352,-1080.36508667283
353,2451.40916900709
354,200.748561182991
355,-1821.38223666698
356,641.436416190118
357,1762.65761721879
358,-2370.40928681381
359,214.402030687779
360,-2411.39729856513
361,378.292616223916
362,-1385.23822301067
363,-2344.35247490183
364,101.095994468778
365,-793.455059174448
366,-604.579574428499
367,539.886862970889
368,-613.797141704708
369,906.533973757178
370,2479.1441950947
371,75.4448224324733
372,839.986634673551
373,1050.94825848937
374,-281.167856883258
375,1400.3751531709
376,-287.989852949977
377,2359.17896032333
378,-773.301792796701
379,2470.91674478725
380,-1131.45760609768
381,757.063662167639
382,-914.366749348119
383,2136.41942478716
384,-459.833500208333
385,-1727.06096549518
386,1684.62681001984
387,-1209.33962403797
388,2417.39650140516
389,2460.93791676685
390,-248.30148788169
391,-548.352780751884
392,-1557.77415377088
393,751.371514052153
394,989.957881392911
395,-847.64952887781
396,1977.79417736456
397,1094.91085051559
398,-346.005953615531
399,-1655.23863979615
400,549.652872141451
401,-851.596142165363
402,-211.302156094462
403,-28.9749400690198
404,-1717.60181314312
405,-357.054066844285
406,762.399969389662
407,-2001.08213932253
408,-9.1736123431474
409,-954.168020980433
410,-192.548598861322
411,-507.13061587885
412,319.318530382589
413,-697.395548922941
414,-329.230743227527
415,-99.8339406214654
416,922.481635352597
417,1784.41083990037
418,-819.254810921848
419,1640.63711999916
420,2325.74090827256
421,-170.233690878376
422,1186.45341834053
423,-2258.70565278456
424,-956.056789727882
425,-1609.85538968816
426,2111.11427284777
427,-1241.8324011378
428,-100.454388884827
429,-704.865617444739
430,-2373.04912181571
431,-2311.86454882845
432,-2175.07206136361
433,1847.00959129259
434,-1157.05267991871
435,188.612270867452
436,225.380029296502
437,2283.71875360608
438,718.679707497358
439,-1083.13651639037
440,-1958.96480581723
441,2280.87849915028
442,-1337.84176781774
443,142.322790343314
444,-533.881089650095
445,2488.42840432189
446,880.929939448833
447,953.910684911534
448,-1814.70600189641
449,1324.31832607836
450,648.207570193335
451,1018.55044835247
452,-755.577748641372
453,-2369.96686435305
454,865.228057373315
455,1448.57380189933
456,471.091326326132
457,2127.41874274798
458,1310.63354434446
459,1029.23041325994
460,2228.70825440623
461,-1727.3477150593
462,-699.55762475729
463,-2498.64187673666
464,-2360.16432754695
465,-2087.14496227913
466,352.373734349385
467,-2123.54023940861
468,2433.07108059525
469,-2425.40418053977
470,-2494.64955180883
471,-1937.91469093412
472,2165.93341785483
473,1832.2508817073
474,851.476632524282
475,106.247025541961
476,-701.661622151732
477,319.141865475103
478,-1297.85736091435
479,374.930459074676
480,-1181.92930007353
481,-1628.32197034732
482,-795.009610010311
483,-432.726066792384
484,-1133.96416883916
485,-118.776755407453
486,-1753.38699249551
487,1625.65318518318
488,-1932.81837971881
489,-2143.67767446674
490,1263.71534075588
491,1521.52459719218
492,-1332.62569317594
493,-231.269001960754
494,-1556.23846221715
495,NA
496,1501.32210808806
497,786.122452700511
498,-2294.44842785597
499,-639.744166983292
500,1758.82420735434
501,-1316.81409780867
502,2134.57526057027
503,-2311.67594203725
504,-1397.70485810004
505,672.673165099695
506,1620.77102460898
507,-2329.40817135386
508,2322.39441946149
509,2376.60517101176
510,-1660.3186307475
511,-1117.55452584475
512,-242.284268606454
513,2265.12240362354
514,953.367190668359
515,-2367.10067139938
516,1196.90106366761
517,-336.775598116219
518,2332.32103288174
519,-1333.70097842999
520,-791.48494056426
521,-1228.79718896002
522,-1582.54687208682
523,-724.009587429464
524,-1986.83273396455
525,1903.08141987771
526,NA
527,1889.48424416594
528,1862.32677544467
529,-912.763857049868
530,2256.92393025383
531,-1205.09016793221
532,NA
533,-1888.722400181
534,-550.551501801237
535,-1638.59004271217
536,-1983.6631801445
537,21.9790369737893
538,-443.570131901652
539,1531.38557914644
540,75.4404230974615
541,NA
542,1217.24266791716
543,791.875192662701
544,2101.02042881772
545,1632.13149528019
546,2310.319498647
547,517.869289033115
548,-111.022152705118
549,252.190587343648
550,1022.55750098266
551,2056.56540347263
552,-510.272352257743
553,-2343.88581477106
554,1606.97209183127
555,1838.12252129428
556,2056.92953313701
557,1405.88326146826
558,608.947592554614
559,807.361588813365
560,-112.669952213764
561,480.751863215119
562,-1802.63064801693
563,671.123812207952
564,-1429.1710103862
565,1514.69240081497
566,-1597.64936077408
567,-866.99643987231
568,-252.370489761233
569,1591.21306613088
570,572.346490807831
571,2072.32247688808
572,-254.354504868388
573,NA
574,1250.42029307224
575,-2498.55780391954
576,NA
577,695.503352908418
578,NA
579,1305.43504841626
580,696.153086610138
581,438.157693715766
582,544.344538357109
583,-80.4823101498187
584,-1997.89974372834
585,648.582894355059
586,-1624.76841709577
587,83.0272666644305
588,-884.66661865823
589,1227.31825336814
590,-1387.12194282562
591,1341.5052567143
592,-1395.85195924155
593,816.730702063069
594,1271.54495334253
595,1718.84295763448
596,2114.13871031255
597,-681.648789905012
598,762.83011585474
599,893.724650377408
600,-687.572547467425
601,-683.834236115217
602,2395.73939004913
603,NA
604,NA
605,1683.9554568287
606,-465.630246326327
607,NA
608,-1341.23340016231
609,573.430674849078
610,862.69510560669
611,-826.969766058028
612,-216.725597856566
613,-1653.0785174109
614,213.398248888552
615,306.814151117578
616,-2057.56875919178
617,-662.024550838396
618,-2278.36428908631
619,1666.91442020237
620,-2024.89073737524
621,171.413966454566
622,2156.8088256754
623,727.778695290908
624,-1043.86718128808
625,-1314.46050712839
626,100.095262750983
627,1872.10677890107
628,-1620.51833583973
629,-2250.17411052249
630,-978.088811971247
631,-45.9242169745266
632,-680.367099121213
633,2025.20822524093
634,-2331.20418037288
635,2318.20271816105
636,-836.531803943217
637,-2030.73493321426
638,-1678.40858455747
639,-2128.86339402758
640,-612.037042155862
641,1654.51265871525
642,-336.907338351011
643,1820.14873134904
644,2444.53375111334
645,-1126.27019989304
646,-157.874940196052
647,-31.5549690276384
648,-58.5718324873596
649,462.171734543517
650,1169.49531133287
651,1134.29033430293
652,-364.378893282264
653,-2260.827482678
654,2367.6405614242
655,1234.27413520403
656,-2056.8703871686
657,2005.46411331743
658,-2300.92314071953
659,1506.8101300858
660,-1506.27073016949
661,-375.44553168118
662,1350.15412466601
663,-1336.45424968563
664,-1075.07301843725
665,-1828.94383557141
666,-2284.06524402089
667,1622.04691907391
668,-1468.71605305932
669,-365.106479730457
670,1891.67573698796
671,2224.40683515742
672,-2122.11705627851
673,342.35953935422
674,996.397633571178
675,1831.93795732222
676,2310.10562274605
677,1333.89905677177
678,-1658.58385036699
679,1751.89843401313
680,2439.37021587044
681,1767.80278561637
682,-1797.21020511352
683,1275.3483268898
684,-157.986597623676
685,543.938371120021
686,1024.0816033911
687,-1045.32812605612
688,1095.20883881487
689,244.998432463035
690,-144.852962112054
691,1241.95095733739
692,-44.3740317132324
693,2158.05540210567
694,932.926841778681
695,-383.849090430886
696,-1330.6595699396
697,641.43032534048
698,973.90589537099
699,2315.61597669497
700,2228.54625782929
701,-1382.66579713672
702,117.456557927653
703,1251.73581764102
704,1948.40875687078
705,1535.4024944827
706,-374.257648363709
707,1104.6655732207
708,NA
709,1554.77242078632
710,1101.8928186968
711,1571.80970651098
712,NA
713,1347.13429026306
714,-2040.10296845809
715,-614.848239347339
716,-1788.77897211351
717,924.613722600043
718,2396.85813081451
719,-2031.71707806177
720,-469.472510740161
721,-1276.14153549075
722,2199.53700667247
723,464.314832352102
724,2411.45075531676
725,-236.772455973551
726,NA
727,-1757.23262364045
728,907.275156350806
729,1289.76831911132
730,-1326.63096650504
731,-24.7190799564123
732,1899.98230198398
733,-852.544528897852
734,NA
735,398.444447200745
736,-2077.16673961841
737,-1264.68064612709
738,-78.2837939914316
739,-96.2444196920842
740,-2231.5970947966
741,-2372.4612290971
742,-1913.59778866172
743,-2033.69520953856
744,1451.83136221021
745,490.428300108761
746,2344.20880791731
747,-1724.1516080685
748,895.905832294375
749,-1855.03534972668
750,1897.37820299342
751,882.818178506568
752,-541.886665159836
753,1681.14083702676
754,2221.00753569975
755,-1936.27094384283
756,929.791765520349
757,NA
758,-2130.0452563446
759,509.964425582439
760,1759.41399065778
761,-1044.33227097616
762,-1146.87513327226
763,-2301.72169511206
764,-1751.71989249066
765,672.524205874652
766,-1276.40551887453
767,1767.85876392387
768,218.446732033044
769,2147.84941868857
770,1562.94187530875
771,-1852.93082613498
772,-1741.67269025929
773,-315.737345954403
774,2318.04511509836
775,682.035337667912
776,375.864438246936
777,1683.88325022534
778,-937.000970588997
779,-742.600311059505
780,NA
781,1763.65379011258
782,-755.018978379667
783,-1671.62465164438
784,-1399.33796948753
785,-2053.41908149421
786,-2000.92956074513
787,2082.67234265804
788,2406.2002170831
789,1785.5987616349
790,-208.149803802371
791,984.034964349121
792,-988.930478924885
793,1785.39474494755
794,1560.28895056807
795,711.504177888855
796,-581.478809472173
797,2244.62496815249
798,858.302377164364
799,-1405.37839732133
800,-2015.05802804604
801,2257.95716396533
802,-1308.64367354661
803,1208.03235913627
804,-447.207858087495
805,1497.4825270474
806,-985.666605411097
807,979.374191956595
808,-83.4619009401649
809,544.159371638671
810,1804.69696875662
811,741.590899415314
812,13.036229647696
813,534.980986267328
814,1499.84512361698
815,-1433.6437091697
816,-497.477373573929
817,-1097.77759993449
818,-1911.21286596172
819,2483.86243591085
820,-380.830937065184
821,-1120.40487816557
822,-1441.02917169221
823,1560.08614343591
824,-2327.79577025212
825,371.378533309326
826,1299.36393583193
827,409.582771826535
828,-29.8764824401587
829,820.145743200555
830,1876.57062197104
831,1212.49595307745
832,-507.467871066183
833,-1710.79071005806
834,-389.602156355977
835,1215.85215907544
836,-953.054131241515
837,142.127681756392
838,-671.375329839066
839,1924.28513080813
840,-1022.0899945125
841,-873.186205280945
842,428.401225944981
843,1832.26965251379
844,1549.37386396341
845,-2190.21770986728
846,-1741.36336310767
847,-1849.46033521555
848,1266.46953285672
849,733.638883102685
850,-2418.07256825268
851,1525.73831030168
852,2313.10312752612
853,-327.463776338845
854,-1842.86543633789
855,-841.001532971859
856,-727.607009466738
857,307.255139341578
858,1151.59631473944
859,1038.00313198008
860,2327.72953691892
861,195.847747381777
862,-1546.18811327964
863,1919.78259244934
864,436.407353263348
865,-116.407945752144
866,-663.673900999129
867,-147.986058145761
868,1559.5898067113
869,1660.97735054791
870,-930.957656819373
871,-149.980819551274
872,1148.79636093974
873,955.593247199431
874,-1116.75352673046
875,1973.00619445741
876,-281.639037420973
877,-1826.9735458307
878,1843.10733224265
879,NA
880,677.950347308069
881,-859.698433196172
882,-2070.24458912201
883,1089.77393480018
884,1830.39624011144
885,-1929.57914783619
886,-1821.68574887328
887,-2114.91597117856
888,-516.808892134577
889,-1305.34568568692
890,-405.827411450446
891,-1052.59335483424
892,-1949.34045779519
893,1264.88458947279
894,-1222.30820241384
895,1701.13214640878
896,345.279378816485
897,996.360017452389
898,803.455770947039
899,1227.57927631028
900,-101.097339065745
901,-1980.84053816274
902,-1943.26880737208
903,2157.27736009285
904,1486.39035178348
905,-763.696354115382
906,2170.24154262617
907,503.375697880983
908,2027.65640220605
909,-1680.30565953813
910,-195.019202074036
911,-426.230482989922
912,2116.8166177813
913,2089.59977375343
914,347.898054169491
915,1928.83527372032
916,769.130882108584
917,2245.92338083312
918,2026.93724771962
919,-2153.53680658154
920,-1585.74520843104
921,2035.0343757309
922,-1266.29381556995
923,-1779.17126915418
924,446.838878560811
925,1964.80214246549
926,-2290.34837801009
927,-445.556144695729
928,1048.35054953583
929,520.646771183237
930,-679.880651878193
931,1336.21266926639
932,-522.529141744599
933,-2096.11670346931
934,893.429217394441
935,-203.178800875321
936,1009.35416296124
937,-359.268405009061
938,2255.3544328548
939,-1568.31792439334
940,159.759024390951
941,1243.38958761655
942,NA
943,-2321.60990010016
944,-1288.88043807819
945,-206.904837395996
946,-2163.16824662499
947,199.360748520121
948,NA
949,-2259.68991871923
950,-983.208648394793
951,878.927406156436
952,1596.42282524146
953,207.721366314217
954,-524.529259419069
955,-846.135333413258
956,-962.198706110939
957,-1917.49087767676
958,923.306770855561
959,930.642874445766
960,-1764.51526931487
961,-803.262590197846
962,NA
963,91.5569893550128
964,-1267.12756231427
965,-1661.77163715474
966,-348.043914418668
967,-2126.51698966511
968,389.149237889796
969,-2176.03925615549
970,2338.91614712775
971,-705.773995723575
972,2459.17902095243
973,-756.19408977218
974,2251.14937871695
975,-1888.02235177718
976,1172.50805487856
977,-279.848404461518
978,784.123376943171
979,-1915.68878479302
980,2136.49161974899
981,-1031.56620287336
982,-2017.33136200346
983,-1034.80909019709
984,-875.758536858484
985,1857.30132390745
986,1333.13171099871
987,NA
988,662.311859196052
989,1369.41168340854
990,66.4130970835686
991,-843.770481878892
992,-1427.62078903615
993,-396.478440379724
994,-838.091116165742
995,2279.93515203707
996,-1269.59603978321
997,222.61195583269
998,1171.63604125381
999,476.455844473094
1000,1873.40918229893
1001,-2456.46798051894
1002,2037.55417489447
1003,-1910.54429626092
1004,2277.75257895701
1005,-252.069623675197
1006,-92.1441300306469
1007,-338.449685368687
1008,-332.56626338698
1009,-672.426208620891
1010,2272.31425349601
1011,NA
1012,2434.57332835533
1013,1398.70289247483
1014,2189.56928816624
1015,2061.30606937222
1016,-963.392715202644
1017,622.419387800619
1018,166.823972249404
1019,697.548439493403
1020,595.361647428945
1021,1957.99382636324
1022,-1131.27536489628
1023,1147.53057947382
1024,1100.81120976247
1025,-2131.65745139122
1026,1199.04377497733
1027,-1743.98087896407
1028,1222.43719175458
1029,1304.69828494824
1030,-2202.62640854344
1031,-271.694987313822
1032,1366.57516588457
1033,-171.506816986948
1034,901.167609263211
1035,-1752.76929396205
1036,1778.84125499986
1037,-72.8318269830197
1038,1843.22874993086
1039,1105.97004648298
1040,665.651394519955
1041,-721.983866533265
1042,-890.694982372224
1043,-1363.88669256121
1044,2256.46426784806
1045,213.072795886546
1046,-2105.11537850834
1047,453.116816934198
1048,685.18603569828
1049,-1170.80943076871
1050,-59.4833435025066
1051,-1127.6324884966
1052,441.620334750041
1053,2229.81854924001
1054,-147.792173083872
1055,-2326.94162637927
1056,1238.44509012997
1057,985.979384277016
1058,946.499118581414
1059,-2220.1622382272
1060,-2286.8880466558
1061,-15.4739641584456
1062,-49.7350271325558
1063,761.593165807426
1064,-888.574770651758
1065,348.03954185918
1066,1758.20759613998
1067,2455.34983114339
1068,1870.7811285276
1069,392.373165814206
1070,-1172.80589882284
1071,959.823218872771
1072,-986.664949450642
1073,1409.9105191417
1074,1382.18241394497
1075,2046.45666060969
1076,-672.560951206833
1077,451.487329555675
1078,-539.868792984635
1079,1348.56742108241
1080,49.138885224238
1081,-2095.0831042137
1082,-269.888833863661
1083,18.7229097355157
1084,-411.942038917914
1085,-769.130140542984
1086,63.6954174842685
1087,1042.47714742087
1088,990.251803305
1089,-1678.34947584197
1090,-1722.52957010642
1091,-974.461374571547
1092,2380.81604824401
1093,2025.31973947771
1094,1.46331731230021
1095,331.742112757638
1096,37.6039743423462
1097,1799.58192165941
1098,NA
1099,-2250.00691600144
1100,-1718.70906022377
1101,-1660.17371462658
1102,890.818795887753
1103,1281.52221208438
1104,-1252.0393030718
1105,-495.331403799355
1106,-903.876642696559
1107,-834.162997780368
1108,2096.70418524183
1109,-1328.03169544786
1110,1135.39916463196
1111,-2489.8327421397
1112,1525.36203269847
1113,-1282.08358655684
1114,2225.87617579848
1115,2247.28675559163
1116,386.007209308445
1117,-1804.5306019485
1118,-1103.43522392213
1119,-854.084313614294
1120,2132.00689060614
1121,-1540.06828204729
1122,799.77392568253
1123,-737.851662561297
1124,1318.40691203251
1125,2422.66344139352
1126,2489.70605665818
1127,1987.36586957239
1128,1358.47764322534
1129,971.327408915386
1130,1577.24716351368
1131,-2203.67200905457
1132,-763.308367459103
1133,-1433.06521582417
1134,902.804831275716
1135,2257.77200423181
1136,1157.38454158418
1137,-136.512053431943
1138,2124.10171865486
1139,2317.1660117805
1140,2415.72546772659
1141,-650.288767646998
1142,83.0945791676641
1143,1593.00028230064
1144,-527.435365365818
1145,-773.620049003512
1146,-1483.51815179922
1147,515.683491248637
1148,-2360.52984604612
1149,1518.31783005036
1150,-438.33730276674
1151,2253.72475921176
1152,2296.67261592112
1153,1346.5815607924
1154,-1410.78803106211
1155,-2230.05607491359
1156,1932.7463186346
1157,2494.65372296982
1158,-1147.39913493395
1159,-1315.02080475911
1160,-2446.71660242602
1161,950.481105828658
1162,-1870.10890454985
1163,561.558080371469
1164,1351.98669624515
1165,-1918.99714060128
1166,-557.232435094193
1167,-1812.06636945717
1168,-642.464163247496
1169,1363.51572698914
1170,-901.581707876176
1171,13.1731317378581
1172,-382.311318535358
1173,-383.579352637753
1174,2210.68664337508
1175,-213.346078526229
1176,1940.73678343557
1177,61.2522219307721
1178,61.1911492887884
1179,1424.64636592194
1180,2068.71796981432
1181,1223.23851799592
1182,1781.10027336515
1183,2018.64344417118
1184,-1226.41215566546
1185,-1081.63712895475
1186,-1494.75602200255
1187,-1833.27096514404
1188,-1225.15827650204
1189,1581.59458311275
1190,540.680403355509
1191,-2321.69210910797
1192,-1796.43893032335
1193,-1358.61447197385
1194,-470.091823954135
1195,NA
1196,-1321.05863071047
1197,-2091.42070263624
1198,506.571958540007
1199,-453.509618528187
1200,752.108936430886
1201,-1390.38780936971
1202,NA
1203,-80.9311913326383
1204,-1281.10422054306
1205,-1605.72501597926
1206,2156.3065238297
1207,-125.591011019424
1208,-2397.5264839828
1209,-399.365347111598
1210,1472.9049988091
1211,-735.471463995054
1212,241.081790300086
1213,-549.420628231019
1214,2452.04519364052
1215,360.32636766322
1216,930.542710702866
1217,-1897.54455117509
1218,1194.1240215674
1219,1176.03788734414
1220,175.648552831262
1221,835.291986586526
1222,347.284197341651
1223,-1822.6496304851
1224,-645.790330599993
1225,373.219749890268
1226,-883.584831608459
1227,1016.10358105972
1228,-784.894389798865
1229,1125.72428886779
1230,-376.354806357995
1231,593.379348283634
1232,-1539.48967112228
1233,247.701426269487
1234,530.745959840715
1235,-44.0499105025083
1236,967.847442952916
1237,2283.74906932004
1238,-145.990713499486
1239,511.369183659554
1240,-2122.4033262115
1241,-1395.67548991181
1242,-1787.64896932989
1243,1242.44367005304
1244,-884.713447885588
1245,-400.369815761223
1246,-266.4949093014
1247,1914.70504621975
1248,325.171375880018
1249,6.02328684180975
1250,2289.59950734861
1251,-511.336749186739
1252,-1037.58042212576
1253,1694.4407147821
1254,-2215.63080209307
1255,2342.36792544834
1256,-247.977303806692
1257,2282.43557969108
1258,-1429.16960758157
1259,1253.54849384166
1260,2007.0124452468
1261,-856.483333045617
1262,NA
1263,2367.80312843621
1264,2033.13375939615
1265,1840.65815992653
1266,-1293.5370055493
1267,1782.07442979328
1268,-1109.97712356038
1269,-2368.93993685953
1270,628.026768099517
1271,-2451.17829646915
1272,-1164.23972416669
1273,1328.20981554687
1274,-1915.61797750182
1275,-2407.53345889971
1276,1284.99735728838
1277,NA
1278,2069.72362939268
1279,1906.74907178618
1280,1985.990999965
1281,-1722.65331144445
1282,-1050.7518122904
1283,-518.554378068075
1284,1709.75554035977
1285,2052.34453082085
1286,805.117051349953
1287,-585.135921137407
1288,-2354.8775841482
1289,429.064517375082
1290,-256.605489412323
1291,734.138584230095
1292,84.9329878110439
1293,1367.61488975026
1294,-1219.25347833894
1295,-476.984600536525
1296,2294.47641642764
1297,694.143556756899
1298,-394.085153238848
1299,526.387018617243
1300,-2231.04421631433
1301,2300.73375627398
1302,-1666.16845293902
1303,2275.29111551121
1304,130.121187539771
1305,1952.03585084528
1306,-2030.54750687443
1307,1190.11667789891
1308,874.364058254287
1309,1543.66762260906
1310,-963.368540396914
1311,-1798.19816839881
1312,-248.021022416651
1313,1845.83142166957
1314,NA
1315,1691.92773173563
1316,-2421.09670885839
1317,963.859409093857
1318,-1913.9314640779
1319,-345.218805596232
1320,-2029.59540183656
1321,123.233576305211
1322,-1978.42049179599
1323,-2151.10168908723
1324,-1949.27350035869
1325,-2050.71029951796
1326,116.960973246023
1327,-1509.22143249772
1328,-600.410032784566
1329,-693.640521494672
1330,2497.74074414745
1331,-541.691550752148
1332,2041.52528196573
1333,123.977459734306
1334,-1745.12107274495
1335,109.361794311553
1336,-2430.34156737849
1337,1933.49384702742
1338,135.472330730408
1339,-1619.27877110429
1340,-2140.46133100055
1341,-1332.51260151155
1342,1852.04819659702
1343,-1130.91377425008
1344,-359.869879903272
1345,-1075.93327993527
1346,-1627.12869001552
1347,1210.46090498567
1348,-354.302854975685
1349,-1714.32767063379
1350,-208.592447452247
1351,1878.5276345443
1352,-512.987417168915
1353,-532.011692412198
1354,-1391.17349754088
1355,NA
1356,2483.32834686153
1357,-741.674558958039
1358,-919.478581054136
1359,791.580062359571
1360,-912.280917400494
1361,713.172724936157
1362,-2480.39637110196
1363,-2393.0806806311
1364,-759.834538912401
1365,2469.33882124722
1366,-438.508132938296
1367,-1278.56461680494
1368,2162.88118273951
1369,1385.52107848227
1370,-2101.64133342914
1371,1526.6022097785
1372,-1263.94328195602
1373,2235.44457461685
1374,-1475.38456134498
1375,1969.08022626303
1376,222.400653874502
1377,-1442.72176432423
1378,-2318.10902361758
1379,1857.47381299734
1380,2221.48440196179
1381,-1229.34279963374
1382,1100.68738344125
1383,-1258.47980612889
1384,-221.567172557116
1385,-1774.51439201832
1386,992.441095877439
1387,NA
1388,-1617.4056136515
1389,882.641643984243
1390,1629.9279301893
1391,902.185955783352
1392,1785.44351714663
1393,-1329.11256980151
1394,400.929185561836
1395,-895.594366593286
1396,1497.56486760452
1397,-1203.67128285579
1398,-2354.56095659174
1399,2301.34813697077
1400,2297.40126174875
1401,885.351182660088
1402,477.824908448383
1403,-1454.27764393389
1404,519.588434835896
1405,-1044.45711127482
1406,-1956.11826376989
1407,-2371.39685312286
1408,-1677.92966007255
1409,-2112.00698511675
1410,NA
1411,-807.906554546207
1412,-2259.46923834272
1413,-676.185515476391
1414,-1273.59796315432
1415,2361.02276132442
1416,463.049086974934
1417,-2352.97615057789
1418,2295.70180526935
1419,-1345.49839887768
1420,-1499.06492559239
1421,-270.880187163129
1422,1195.34207507968
1423,-195.682151243091
1424,1281.09732293524
1425,2077.06299028359
1426,-1978.99522376247
1427,567.672746255994
1428,-892.018725862727
1429,-1979.60937512107
1430,1862.37720423378
1431,-2141.62793126889
1432,-1271.3022553362
1433,2419.51604722999
1434,-376.101341098547
1435,-1659.34788645245
1436,-369.458234636113
1437,-573.286650469527
1438,-893.988843308762
1439,1540.46968091279
1440,2092.73279993795
1441,-818.161122733727
1442,894.849092001095
1443,97.5009123794734
1444,561.676053330302
1445,831.14841254428
1446,780.401566298679
1447,858.271240722388
1448,-2290.97198112868
1449,2144.45480727591
1450,144.565338268876
1451,-1314.97675436549
1452,206.844296772033
1453,NA
1454,501.979172695428
1455,742.780109867454
1456,NA
1457,1843.73330324888
1458,1694.88860876299
1459,1132.50224618241
1460,616.220122901723
1461,2074.44773521274
1462,-675.741562154144
1463,NA
1464,-515.854328405112
1465,-1449.44894243963
1466,-159.460137365386
1467,-251.699399668723
1468,2122.04408133402
1469,-2059.99013618566
1470,-2355.09648337029
1471,445.392505498603
1472,-970.580329885706
1473,758.095375495031
1474,955.894556827843
1475,1689.24897210672
1476,-1749.63464844041
1477,2155.16303433105
1478,2304.94295014068
1479,-1004.99121355824
1480,-2116.25608615577
1481,-2185.49295212142
1482,1471.87301074155
1483,2429.65342244133
1484,NA
1485,668.243890395388
1486,185.816397424787
1487,-1213.53111695498
1488,2275.19025676884
1489,1571.45955250598
1490,523.740665521473
1491,1814.2190168146
1492,1938.52991098538
1493,1807.22733493894
1494,2405.21295228973
1495,222.834345186129
1496,-1637.59484072216
1497,-677.337101660669
1498,347.58728579618
1499,-1052.27492400445
1500,992.539802100509
1501,-1270.18590457737
1502,-104.320255341008
1503,1040.25270789862
1504,1184.74473594688
1505,293.179168365896
1506,-2168.3013823349
1507,411.75086167641
1508,-1908.19142735563
1509,2345.29371024109
1510,-2120.43977458961
1511,338.727340567857
1512,295.359787996858
1513,-812.142671784386
1514,-345.318877371028
1515,1483.02905377932
1516,-2019.15654470213
1517,-633.715910371393
1518,NA
1519,-2160.30849376693
1520,-2421.89571843483
1521,400.98020574078
1522,2279.17033596896
1523,-1983.73241000809
1524,-974.580064648762
1525,-1051.10237025656
1526,598.248986061662
1527,-413.972772657871
1528,1170.42244877666
1529,-134.085641475394
1530,-1630.3720837459
1531,1537.55509178154
1532,-1540.85061629303
1533,-1219.36534414999
1534,1014.24381835386
1535,2000.00441167504
1536,1092.66303712502
1537,-1060.40328973904
1538,215.071028796956
1539,-1689.98283101246
1540,-216.264481423423
1541,-1676.46695743315
1542,2050.8992485702
1543,778.425611788407
1544,-2418.77928958274
1545,1292.54386061803
1546,-1038.06460276246
1547,-689.05385909602
1548,-479.771605459973
1549,892.514655133709
1550,551.625336520374
1551,2044.24744704738
1552,-1967.25777932443
1553,-1580.56029933505
1554,658.089416101575
1555,1779.02016439475
1556,-223.361331736669
1557,-2451.0857812129
1558,305.827638367191
1559,1751.38320657425
1560,862.851103302091
1561,2207.76408910751
1562,2163.8405462727
1563,750.656559830531
1564,2423.25703497045
1565,2170.70219805464
1566,1585.28582192957
1567,3.43963271006942
1568,-1713.71441101655
1569,-9.53179318457842
1570,-784.383649006486
1571,-2370.79655635171
1572,1027.53065526485
1573,-1946.98153762147
1574,-1370.74975646101
1575,164.068399462849
1576,-709.997401572764
1577,1479.84267561696
1578,-284.527993062511
1579,-1353.58595056459
1580,750.804543495178
1581,-2363.92803257331
1582,-1759.16652195156
1583,2122.67763679847
1584,2208.37502041832
1585,52.5483977980912
1586,-2255.46731962822
1587,1926.09729710966
1588,-1630.30219846405
1589,1478.85166108608
1590,-707.897633546963
1591,-1935.96331984736
1592,1279.62870523334
1593,NA
1594,484.126906376332
1595,-295.869900146499
1596,594.118181616068
1597,1373.45163617283
1598,1126.38148129918
1599,1803.32133197226
1600,1508.60149646178
1601,-179.619806585833
1602,-3.79244214855134
1603,-701.296533225104
1604,1445.95873425715
1605,83.8911056052893
1606,2473.91964774579
1607,-879.341519903392
1608,NA
1609,-1660.85174889304
1610,-2102.92708827183
1611,-236.448649084195
1612,2080.71594825014
1613,-1155.60512174852
1614,2086.44645637833
1615,-2491.27802904695
1616,1441.10058434308
1617,439.360467717052
1618,-1943.86519026011
1619,119.101265445352
1620,-2066.909824498
1621,-1724.27200013772
1622,915.927606401965
1623,271.683180471882
1624,175.856840796769
1625,-284.214813727885
1626,-781.344731803983
1627,855.315180961043
1628,1899.46351223625
1629,-804.853108711541
1630,2202.85492367111
1631,-942.124474095181
1632,846.612964523956
1633,1363.06396336295
1634,-1023.44832383096
1635,2342.4875701312
1636,-1201.83145510964
1637,1530.54369264282
1638,1646.51812869124
1639,431.650340324268
1640,-1757.79142300598
1641,-1280.45478719287
1642,594.480275176466
1643,231.174732325599
1644,-386.363995494321
1645,1670.54985067807
1646,-8.03622417151928
1647,662.120580673218
1648,1507.45689170435
1649,-27.6491593103856
1650,-1843.52197335102
1651,-1093.88045500964
1652,-81.7124743480235
1653,2054.40281075425
1654,-1162.25986392237
1655,-1521.84818987735
1656,-1550.18946272321
1657,1029.59962445311
1658,NA
1659,899.034378817305
1660,NA
1661,2475.84409662522
1662,1210.02536150627
1663,642.064177663997
1664,67.182764178142
1665,-1629.30873804726
1666,-2020.40157048032
1667,-466.973818838596
1668,1218.12620549463
1669,-1551.08805047348
1670,188.632060308009
1671,-932.822921313345
1672,1796.71933525242
1673,1729.80037052184
1674,1588.23180012405
1675,-763.481528265402
1676,-1716.62091976032
1677,-1302.33120173216
1678,965.799038531259
1679,-244.201038731262
1680,-1864.5537190605
1681,1156.12930734642
1682,855.56979640387
1683,-1134.11237951368
1684,316.72399956733
1685,-2220.73539975099
1686,1353.50243421271
1687,250.328464899212
1688,1242.36826784909
1689,NA
1690,438.52390954271
1691,-1991.35387782007
1692,-1484.02363876812
1693,-54.4783007353544
1694,721.322161844
1695,206.294246017933
1696,-2253.61234974116
1697,-778.635510941967
1698,-254.904828034341
1699,953.689131420106
1700,-2045.28168891557
1701,-1117.75044817477
1702,NA
1703,-1656.78529301658
1704,1991.39066971838
1705,-1527.53241709433
1706,-1253.30118928105
1707,1883.55139456689
1708,-506.465042708442
1709,-934.487858321518
1710,-354.726038640365
1711,1291.237907717
1712,319.770246278495
1713,-1650.97147342749
1714,811.342598171905
1715,-1685.1233295165
1716,-809.581084176898
1717,-1722.96552802436
1718,-99.1785048972815
1719,2067.4837671686
1720,NA
1721,-1062.12081969716
1722,1207.36615615897
1723,-1683.55230824091
1724,1048.85347187519
1725,1645.19198820926
1726,1394.10982956178
1727,2286.43871378154
1728,1066.15724391304
1729,-96.0733869578689
1730,-797.735257074237
1731,-343.620975036174
1732,489.452338078991
1733,759.359198855236
1734,2292.94753749855
1735,-57.1250764187425
1736,-1087.08138228394
1737,636.6656802129
1738,791.741699213162
1739,-941.281215054914
1740,-1642.74611975998
1741,2324.57253034227
1742,2078.95283936523
1743,1185.78911060467
1744,-1341.62464877591
1745,-331.681042443961
1746,-390.543858520687
1747,2495.90845545754
1748,-563.004338182509
1749,1126.55635341071
1750,779.012195998803
1751,229.751240694895
1752,-1076.98089326732
1753,NA
1754,-1936.56494142488
1755,-1487.98122187145
1756,-2247.69529886544
1757,-2403.05210812949
1758,2063.98647744209
1759,-1575.79080434516
1760,1001.92219018936
1761,-353.772630915046
1762,1183.7715364527
1763,2244.26298984326
1764,206.307875923812
1765,697.072111070156
1766,325.653678737581
1767,-1561.09236879274
1768,466.811135411263
1769,-1210.3428831324
1770,1262.86406186409
1771,-22.8986260481179
1772,-86.6746122483164
1773,-1271.23928745277
1774,-1447.46253732592
1775,2332.74096855894
1776,-2073.24593444355
1777,NA
1778,-454.22709081322
1779,-1476.53843043372
1780,-655.208983225748
1781,-2418.82329224609
1782,-1222.7069074288
1783,819.395275320858
1784,-1542.10404143669
1785,-2334.35546397232
1786,1446.30535505712
1787,-431.780066573992
1788,2431.99179065414
1789,-1781.46095830016
1790,-1050.75610103086
1791,1642.73121510632
1792,-1721.65038879029
1793,-2224.82790239155
1794,-2189.11072937772
1795,2193.99642315693
1796,1140.65200672485
1797,1795.99096765742
1798,-968.903851462528
1799,-1548.91910497099
1800,-2186.89983012155
1801,-1377.19899765216
1802,2323.86312563904
1803,2190.76858018525
1804,2197.18585605733
1805,1756.30006357096
1806,342.416141647846
1807,-1008.92292335629
1808,-307.542092632502
1809,-1443.84824554436
1810,551.549766678363
1811,-2051.97047791444
1812,1218.3214398101
1813,2194.19419299811
1814,440.743111539632
1815,199.385709129274
1816,2273.29159621149
1817,2084.30188708007
1818,-1574.15629946627
1819,975.835622521117
1820,1083.10124836862
1821,2003.86860407889
1822,2451.68745866977
1823,-2048.21491264738
1824,1097.95754076913
1825,1428.99141414091
1826,1786.16866585799
1827,-379.995540715754
1828,714.156593894586
1829,2174.65432244353
1830,-992.669878760353
1831,1696.57154474407
1832,-123.352410737425
1833,191.907042171806
1834,-1652.38470304757
1835,-2080.42769692838
1836,1613.65875857882
1837,1721.07557533309
1838,-938.922190107405
1839,-96.5023413300514
1840,168.771116295829
1841,1130.95799461007
1842,25.6862409878522
1843,2120.37301505916
1844,59.7317377105355
1845,2049.13836205378
1846,1787.87928191014
1847,-549.225789727643
1848,748.886533547193
1849,722.82710345462
1850,909.117542905733
1851,854.712151922286
1852,-456.642243079841
1853,-2030.18058091402
1854,-622.59184778668
1855,-2288.6605549138
1856,NA
1857,-377.082350896671
1858,1408.83008250967
1859,2465.72974254377
1860,-306.659149937332
1861,-727.490711724386
1862,-904.711632756516
1863,2294.38995127566
1864,-366.233671084046
1865,2393.99381913245
1866,-32.7177927829325
1867,1533.93720975146
1868,-136.833103606477
1869,-2060.25525927544
1870,-21.1251131258905
1871,-411.850169766694
1872,NA
1873,1001.69941433705
1874,420.067273080349
1875,514.969993382692
1876,-622.494253329933
1877,2043.04239945486
1878,1586.9037178345
1879,-1182.46303871274
1880,-518.63185595721
1881,458.242852473632
1882,1099.03690987267
1883,-1440.56713092141
1884,-2490.35891960375
1885,-1700.88020036928
1886,1825.05451724865
1887,501.297533046454
1888,1361.58975190483
1889,-242.606941610575
1890,-434.508321341127
1891,1668.57025353238
1892,565.478969365358
1893,-1543.34849561565
1894,-1387.11976120248
1895,660.620912676677
1896,2044.32037309743
1897,2047.34351253137
1898,375.981535762548
1899,805.829279124737
1900,-1468.52104691789
1901,-695.60463540256
1902,-1871.3568826206
1903,1567.65352701768
1904,-1215.0425708387
1905,2354.61461008526
1906,1499.26219019108
1907,-1418.74778200872
1908,752.786385128275
1909,-1237.89820238017
1910,1627.88098095916
1911,-981.828607618809
1912,-1563.08261211962
1913,-1902.76294597425
1914,994.046968407929
1915,-218.174951151013
1916,-294.77926203981
1917,91.6861032601446
1918,-2471.5272593312
1919,-1745.35629921593
1920,1168.5500422027
1921,594.364119460806
1922,-630.342470249161
1923,-779.423952335492
1924,-1413.8436561916
1925,-954.60913842544
1926,54.3066032696515
1927,NA
1928,1663.35461544804
1929,-48.6215821001679
1930,2117.3108345829
1931,-1476.50121478364
1932,1053.63721959293
1933,-1339.56046192907
1934,-1560.49585901201
1935,-2061.19226524606
1936,-2437.06979556009
1937,-1136.90900965594
1938,-670.753282029182
1939,-957.459119381383
1940,1518.06090492755
1941,-909.694239962846
1942,-1091.43429785036
1943,890.902162063867
1944,-429.671164602041
1945,1031.42380947247
1946,-2291.60016868263
1947,-1159.49297440238
1948,729.421287542209
1949,-174.277588957921
1950,2050.31240591779
1951,-1003.75041831285
1952,NA
1953,486.773278098553
1954,2278.93321891315
1955,NA
1956,1975.39526270702
1957,-287.006794242188
1958,1369.65009733103
1959,-751.425288617611
1960,2264.91313194856
1961,610.138662159443
1962,456.603378988802
1963,-1063.26242559589
1964,1917.82424109988
1965,208.262155065313
1966,-1824.41010605544
1967,NA
1968,534.76435597986
1969,-1332.27524464019
1970,-613.547540269792
1971,-2045.234531397
1972,-1302.24094726145
1973,-2252.36022030003
1974,2109.04961102642
1975,-2332.26013020612
1976,-979.613539529964
1977,-2007.48416944407
1978,-2065.77319302596
1979,-1138.03799380548
1980,-63.3765675593168
1981,-822.795510757715
1982,1009.73054533824
1983,-519.105865387246
1984,1901.94579889067
1985,-542.580467881635
1986,1310.47542206943
1987,2112.10768553428
1988,1399.51103483327
1989,2421.04401229881
1990,-1271.5192406904
1991,2227.11208858527
1992,888.098591240123
1993,-1266.55378029682
1994,-314.095905050635
1995,2132.82631943002
1996,NA
1997,-1864.2365722917
1998,1891.49327925406
1999,-1983.06598584168
2000,-870.310398750007
