"ID","Y"
1,936620.898640058
2,1084671.41099181
3,916395.09604953
4,1056651.40172639
5,1047723.36272596
6,1144666.14831543
7,933518.037681769
8,1021530.62402231
9,1020292.29300242
10,1024880.65903285
11,1098859.54966022
12,1077424.49621807
13,1007291.66431896
14,959431.177592071
15,909264.266023879
16,959928.177742052
17,911567.155166835
18,991591.272173426
19,1036115.30841321
20,NA
21,1006886.90207718
22,973580.20273644
23,946899.621350619
24,971296.717515837
25,992632.508118093
26,1026648.47186602
27,973438.392773627
28,1050853.39065546
29,956591.359257247
30,1068035.638974
31,1072868.86747827
32,1021219.81988413
33,985545.292318124
34,839082.513827355
35,1038286.29176159
36,907984.930802913
37,934571.611235713
38,1046260.80510868
39,991794.709507313
40,NA
41,927529.871956
42,1020993.8529131
43,NA
44,1106526.10489224
45,938754.974793759
46,1027448.26335733
47,941882.69459187
48,1127453.16846421
49,931044.943129504
50,1011298.27320669
51,919374.735680359
52,1133211.28497399
53,1038411.51452834
54,993660.510685601
55,923289.833853504
56,1018084.31529851
57,1031134.83337265
58,1034473.03293173
59,978117.28830147
60,880358.699935063
61,940267.073258266
62,1033328.88129663
63,982382.556714271
64,1033297.92778095
65,971704.498497277
66,898390.830115257
67,1034146.53617177
68,1138735.95972673
69,972011.607224951
70,943382.955478293
71,1042503.8889629
72,894326.581353765
73,954257.576711206
74,1001037.42489409
75,1005651.06509695
76,939207.836026692
77,965563.224325467
78,1048052.40967025
79,979507.768204391
80,1035421.26719253
81,1032545.24310406
82,NA
83,1068620.64820734
84,926498.92103441
85,937968.870201489
86,941588.370071128
87,1051214.20220871
88,929223.951014653
89,971453.273223681
90,940439.086346329
91,1014523.324059
92,938875.432537647
93,1084974.13287978
94,1090103.25884341
95,1108512.86868251
96,1038709.12922935
97,1098624.0282336
98,1009486.78219546
99,1016555.96855555
100,923398.486189168
101,1029408.41217654
102,900952.767674775
103,1107261.99087329
104,1094724.57521822
105,937174.914259802
106,916340.023877338
107,934989.885990635
108,1106812.01656051
109,981579.966051996
110,896787.111928101
111,1091783.56787759
112,1074399.56651074
113,NA
114,921135.51108925
115,992717.101716507
116,1073428.30043052
117,908805.969783023
118,947023.194572867
119,959495.786033613
120,864839.003667415
121,1045955.05282623
122,898056.268013969
123,1004126.31642964
124,924194.543896528
125,1037098.93892756
126,1011657.18156246
127,920092.238134729
128,999048.004039555
129,949404.449314349
130,964047.791704756
131,896665.244051888
132,1033638.70085079
133,1038088.8647278
134,1052333.0249271
135,906917.031705407
136,1024838.24426746
137,963046.764290451
138,1040236.56741961
139,883038.523658564
140,1006215.72046905
141,917178.506822048
142,991136.866799629
143,1033937.65941477
144,1004649.73408194
145,929521.922074342
146,1050822.09592877
147,866486.477255091
148,1029494.32867599
149,1085029.42862879
150,990939.770333322
151,1015169.25879931
152,905814.627371177
153,1056492.16341358
154,1056533.3946891
155,1037793.45164365
156,1082343.93873652
157,943884.868170217
158,979071.617170828
159,916724.791692844
160,948302.643725954
161,1045902.92364088
162,862092.085499592
163,1024304.90996333
164,1042921.49993784
165,1021805.88060831
166,914176.337634318
167,1000576.30105398
168,1055180.55306194
169,912580.767373633
170,991441.944756653
171,1102643.60236472
172,1048529.92753531
173,1098071.70881402
174,1075977.00151453
175,1058770.26496876
176,964913.989535037
177,1004465.65190441
178,NA
179,990559.161859561
180,1010391.88571121
181,1075009.87812172
182,1021707.02121713
183,1030684.26012375
184,962502.957845554
185,919189.291793968
186,922923.052284362
187,1064671.27612476
188,1008754.5424962
189,1029433.34920433
190,905684.010285684
191,1018507.20454214
192,1019031.59799196
193,931157.942153378
194,1016858.36785261
195,949976.536676527
196,984725.057105966
197,953991.984225171
198,1047661.44593528
199,903434.102140319
200,903637.044027532
201,943961.942691017
202,923699.676770408
203,1071560.86270058
204,1048836.59921258
205,1037240.31936348
206,935596.148551607
207,1040848.16357036
208,1080217.11278371
209,1018081.1371278
210,1045780.53079048
211,881125.034330776
212,1102451.80693699
213,872662.949825892
214,1079699.74677898
215,1038818.71758532
216,1032567.85188633
217,1085828.05080805
218,941867.296239764
219,1036032.24351466
220,921396.5150378
221,1072401.1898272
222,1066651.94558097
223,979834.951256092
224,1065106.00562785
225,947752.578696967
226,951992.964059854
227,1077982.03128445
228,1123480.85308485
229,1031015.44591419
230,1064946.43885513
231,1019297.42180776
232,982561.341675546
233,1005047.96854854
234,1096427.31097659
235,984563.004425249
236,1030954.51207663
237,1054121.0052882
238,1007773.46996498
239,912685.920805778
240,1019261.70568539
241,912287.327000532
242,941607.16479925
243,NA
244,954261.348034516
245,969565.043164537
246,946311.567892739
247,1058931.49499409
248,1048199.15227827
249,917738.369798176
250,891540.386213946
251,995972.122576515
252,942780.28229757
253,947478.07735668
254,1051158.00008187
255,1072799.69720278
256,876684.872440047
257,934302.158770895
258,948476.557323029
259,1051265.33841631
260,983218.799814738
261,919147.394689508
262,879300.626497292
263,900313.893869646
264,1057672.42653813
265,1029939.97711124
266,907616.746790219
267,844160.30947756
268,1024292.73396691
269,947225.181274656
270,966354.874030754
271,1003753.59228929
272,908358.484920494
273,1029535.54035285
274,950409.077482592
275,1099197.04440188
276,1057507.18059704
277,1086785.07942558
278,1062363.22941935
279,911024.761960338
280,1014597.54283955
281,944573.323586622
282,942002.622264626
283,868218.756356154
284,913065.805447961
285,906468.754613531
286,1092607.41784055
287,1079881.25904266
288,975142.943065357
289,1029393.41064147
290,979475.116212146
291,980837.654836962
292,NA
293,984489.486110387
294,1072093.92054741
295,940355.971884016
296,979676.415293422
297,1006109.69841174
298,946787.458661636
299,1014258.01711993
300,1058478.52727137
301,991587.087496088
302,1038191.64472613
303,1012212.21071093
304,983557.381284358
305,1026658.69920216
306,933373.726474055
307,954256.290655672
308,1070892.06571078
309,907312.946224752
310,1044763.15635033
311,946065.239688055
312,939137.012770154
313,1024450.61410365
314,937072.641769945
315,1015229.83753725
316,NA
317,997112.078026231
318,1047209.00320873
319,1025854.45342438
320,1077088.63498607
321,1087767.01324374
322,969134.991686042
323,1060022.34864405
324,985441.260138966
325,1087492.88563787
326,881428.599410185
327,923799.967712225
328,1024485.07275765
329,1145168.05980297
330,924648.828741305
331,1035882.0079403
332,NA
333,1045278.45689971
334,894804.946202754
335,930290.777217089
336,894116.735990585
337,1017299.28796062
338,1085062.51382396
339,1021984.40210614
340,979187.881318801
341,1070038.45538743
342,905427.540147401
343,980841.941949829
344,920827.658099925
345,887484.79299313
346,1091206.00319202
347,1105942.96164981
348,1076473.11666707
349,977645.93280744
350,962955.569252626
351,1009539.13860673
352,986941.689316973
353,1158826.52682907
354,1052857.55080528
355,NA
356,1038417.87962114
357,1050922.06569549
358,883259.488382931
359,990810.387550303
360,849928.11941441
361,1043135.30901769
362,960010.95220414
363,870268.018963173
364,1032147.21663501
365,938382.332934121
366,969570.232261684
367,1030330.5490925
368,1036125.68695918
369,1054167.13002709
370,1070496.48812447
371,990659.31349627
372,974927.389163922
373,1044902.9737676
374,1023676.45852467
375,1106905.2106271
376,957115.181500295
377,1140115.47283873
378,1003646.51671602
379,1111202.84659133
380,985249.878308127
381,1063354.92692471
382,1017869.32572794
383,1079540.79330661
384,927714.734814072
385,964663.191898633
386,1091912.21100309
387,893289.433001285
388,1159205.44597134
389,1117918.54151515
390,960715.10256121
391,992013.075439179
392,NA
393,1087435.94314984
394,NA
395,940761.149200654
396,1083328.88509671
397,1029022.25067917
398,1000978.45522123
399,932944.570724375
400,1013626.17368499
401,948785.117928944
402,991650.018387388
403,1011824.86929405
404,NA
405,984937.700028608
406,1035901.58969713
407,904091.0531904
408,989027.018935395
409,997593.688897151
410,971010.835588591
411,1011576.66070588
412,1005979.45558283
413,963967.444421613
414,1024852.09438539
415,939237.859479369
416,1030772.67579761
417,1093308.97046325
418,919193.146922502
419,1058028.98798441
420,1128273.38033475
421,1029552.80793558
422,1046980.90535025
423,909323.632774341
424,1003797.6822061
425,995771.311126694
426,1038768.90065428
427,952336.952092301
428,983862.850027959
429,991977.191541766
430,888270.668073291
431,900725.254083067
432,943880.207082508
433,1038351.92989161
434,923314.221352427
435,965863.052239221
436,976516.113572646
437,1042491.98739511
438,1042746.37879467
439,990625.246673961
440,910193.253724968
441,1076545.27361406
442,945438.395931546
443,973129.506499406
444,956924.257368537
445,1139712.39605007
446,1026952.14064717
447,997400.942051817
448,969515.101594105
449,1030893.5457234
450,1039133.0829381
451,1040050.56581241
452,909002.465235648
453,890583.048452828
454,1045386.78834112
455,1055004.36042013
456,1009413.10253473
457,1064903.4919608
458,1033234.68698517
459,1068794.2091784
460,1058491.97618294
461,966098.345981404
462,1027615.55865735
463,874174.05845539
464,899048.103421407
465,926626.937112251
466,1037457.71928174
467,NA
468,1066438.92614913
469,875851.229880263
470,891807.481857269
471,957288.922784741
472,1083510.27989438
473,1064550.76680483
474,988342.016159909
475,1070759.16076094
476,963725.69741991
477,1022034.54901754
478,946138.660844417
479,998491.301421856
480,975934.328289725
481,861334.007114633
482,983785.405730799
483,929196.219133417
484,925046.559703895
485,974436.762832126
486,956888.322858241
487,1099781.89533358
488,917852.794234855
489,940195.663232787
490,1035228.47395165
491,1021673.39132636
492,931066.604137749
493,1008352.10395994
494,934822.110308076
495,934794.593328747
496,1063048.60353281
497,1010515.07344756
498,868684.74572717
499,996971.466962142
500,1054883.8903852
501,885821.002443016
502,1122803.57593907
503,908659.302405625
504,921023.361695147
505,1063971.51574746
506,1074670.5192463
507,908707.950270031
508,1140066.7811949
509,1146034.5526016
510,968911.172473247
511,909964.535733157
512,1009522.90401762
513,1091472.61430698
514,1025399.29461303
515,854719.38761573
516,1052855.51983673
517,943913.315589529
518,1155871.44454261
519,951076.208814926
520,1007831.62923867
521,868893.662535597
522,882102.655860468
523,970635.235062966
524,907451.29313853
525,1112922.37555972
526,974178.558343498
527,1085224.67343392
528,1071428.77500081
529,946739.988127298
530,1068631.46719509
531,958125.577369396
532,994284.887007723
533,975257.6738245
534,944179.613578319
535,918013.803082168
536,916556.097243286
537,1045813.78018784
538,995636.800283772
539,1073709.85400178
540,964448.327663748
541,1092756.80186919
542,1001124.39403657
543,978032.734492647
544,1064693.11451806
545,1056705.77946384
546,1128524.4844537
547,NA
548,937927.566144407
549,969552.098967307
550,1037042.61733154
551,NA
552,1023468.69049843
553,912203.197451289
554,1081084.77792352
555,1093046.45485504
556,1120309.85942866
557,1046442.43374583
558,1018917.10242439
559,1046062.8445604
560,962127.956985669
561,1030044.15334489
562,923158.520180731
563,1018938.05045737
564,914653.62849485
565,1041892.07788844
566,893419.041188313
567,954081.094744859
568,1031022.68186452
569,1109564.78160832
570,1025758.74621819
571,1094803.6880298
572,993716.50595495
573,1025657.8850494
574,1065908.49294589
575,904436.45982761
576,996859.794345895
577,1039583.77228335
578,939071.158951149
579,994469.255334212
580,1032531.35900128
581,981685.779654485
582,1036531.75658342
583,975823.329630486
584,930016.226463233
585,1049543.91683139
586,937204.240390281
587,949201.071530063
588,977289.922067446
589,1064876.09869
590,1032169.33419574
591,1098166.0354658
592,954203.851569696
593,1014603.22495947
594,999987.994554014
595,1046562.05312933
596,1059355.41410037
597,979501.31777248
598,1005239.80879354
599,NA
600,1031822.00252894
601,1011563.1789842
602,1145576.18291923
603,1014596.76656263
604,847325.595425831
605,1092145.14686627
606,943043.471196687
607,963342.128690111
608,972361.040136461
609,1035613.50108625
610,1048020.18552817
611,967699.580120678
612,1047410.84588561
613,873168.768338403
614,1025743.46575221
615,1028280.85247275
616,890159.389769705
617,937268.956576556
618,926073.233569286
619,1080471.72728494
620,NA
621,970107.146132824
622,1117907.03452496
623,1049853.98251917
624,994719.854552408
625,966426.680459573
626,998529.564754318
627,1041486.17158623
628,933805.259454979
629,925140.510947284
630,950419.479435807
631,1017791.11361115
632,969885.075995002
633,1078006.1603639
634,940840.08742376
635,1094817.63232821
636,928970.641286574
637,844769.985957479
638,894696.804247633
639,916526.568439779
640,966442.734357761
641,1017149.38810711
642,972804.284055263
643,1120711.51001776
644,1125000.75518874
645,979134.999498967
646,NA
647,996998.738708047
648,1023419.94271338
649,1057725.04338298
650,1029815.03223802
651,1063655.23747182
652,982827.73174488
653,901136.482744345
654,1090533.10688714
655,1033772.07498765
656,914541.967511642
657,1083109.24613089
658,861962.745456274
659,1075170.12601617
660,873789.343761588
661,NA
662,1029330.73048071
663,NA
664,952491.840237455
665,923607.456295497
666,894184.416098779
667,1018915.33193643
668,954465.952793194
669,999683.176678922
670,1089002.8535004
671,1079412.26457019
672,959628.268350915
673,971496.337798772
674,1036836.02096428
675,1116954.16673782
676,1106849.8759172
677,1067535.76919373
678,905821.578223322
679,1071741.38167177
680,1104138.1694255
681,1094738.89086237
682,898972.78101972
683,1089170.59029961
684,1001753.06714038
685,1057106.84927469
686,1026165.93356635
687,974381.194288612
688,1080563.70254536
689,1035573.4445017
690,988638.442188105
691,1026277.58938022
692,1023727.13060686
693,1122331.91846583
694,1023311.26463262
695,1016335.92033835
696,919837.839941426
697,1013432.23296981
698,998714.862750676
699,1147052.64715905
700,1112185.97964389
701,944897.069477105
702,1002457.12878668
703,1026844.44953906
704,1118259.32955141
705,1049484.06393132
706,NA
707,982674.973044415
708,930642.494793628
709,NA
710,1125439.05343024
711,1084171.32357914
712,971183.211434499
713,1072548.65803132
714,970163.308570273
715,968561.511819834
716,894812.519099325
717,1003566.90953072
718,1032570.90323398
719,902959.70939313
720,NA
721,863035.302475351
722,1052017.68149714
723,1034834.91394992
724,1107031.50191243
725,1033831.56035707
726,1136278.71811826
727,882277.015537776
728,1066982.4520499
729,1070154.68324098
730,959159.207525591
731,1054370.04015536
732,1093215.70763625
733,933638.495447321
734,899241.135467483
735,1028130.76306916
736,906546.739050226
737,1011775.98810027
738,967563.468753501
739,972496.999569574
740,902796.175181094
741,896845.720327966
742,944728.430775859
743,900573.231865854
744,1042722.34169368
745,1004470.43804094
746,1145498.72084781
747,930010.969457117
748,1021656.84394072
749,888752.752722411
750,1065401.34328851
751,1007329.15073994
752,966365.070786997
753,1047188.13726268
754,1064459.78993526
755,898835.303496952
756,1057798.20657382
757,990479.571247622
758,952334.593250997
759,996729.83070684
760,1015560.03609455
761,926938.032954547
762,921803.576733542
763,936806.667659297
764,938210.684427025
765,1027624.91365861
766,922521.529160674
767,1136954.64210222
768,1040534.39989729
769,1084196.44533625
770,1117699.50020119
771,858758.372554121
772,NA
773,976345.357060622
774,1176647.14981911
775,1010124.71370658
776,1002032.77338926
777,1047693.90725887
778,1000672.28161344
779,989759.919892767
780,988145.001826549
781,1020655.92799515
782,957271.240478234
783,906170.481383481
784,929329.63541836
785,901985.0029904
786,931078.718492436
787,1081623.48930332
788,1102261.41933865
789,1073241.10037088
790,972657.560898654
791,1008313.39611235
792,964117.19080154
793,1053397.31928962
794,1110246.39668463
795,1044147.05112218
796,915269.084376298
797,1125362.81621693
798,1036214.4611821
799,953283.085522683
800,943621.461057131
801,1089287.63907361
802,923851.159483632
803,975940.244252836
804,964905.231400347
805,1065791.64624622
806,926727.747720255
807,999214.045138661
808,958276.880431896
809,977291.843842513
810,1090703.86886848
811,1016428.13019915
812,991898.114901726
813,1024353.97988059
814,986452.176752909
815,945614.492577989
816,941923.792638275
817,924613.900918822
818,885467.94698614
819,1114676.00127814
820,933222.815311877
821,935509.25424045
822,902645.034706999
823,1025672.69005636
824,897109.250361446
825,1041834.60670941
826,1049044.70396284
827,1016013.88061448
828,1061143.31891949
829,1003541.51884908
830,1064098.56020561
831,1015824.45642089
832,1021536.49847162
833,896193.249749493
834,955932.799510613
835,1040613.48864345
836,985045.186256911
837,1016615.55458259
838,906827.303013757
839,1112818.4635732
840,960259.334450978
841,949333.140715373
842,1008105.13633558
843,1040248.37789144
844,1070429.64678916
845,882995.741031753
846,930572.787308097
847,NA
848,1048541.7715778
849,995057.443484074
850,871103.72274538
851,1049849.49261583
852,1084506.90232304
853,948290.594039567
854,939212.142460969
855,953802.260783082
856,927419.823600805
857,1029491.13546598
858,1063806.71859567
859,1045580.95034704
860,1178221.09288743
861,1082298.61000387
862,950115.388120491
863,1118410.25968415
864,986866.273352465
865,1001626.30701576
866,990418.264483929
867,1043662.68336124
868,1080031.99976991
869,1063578.50542723
870,921276.81538792
871,978061.80495714
872,1053480.38033266
873,1033791.17055276
874,937035.581508484
875,1072276.08958815
876,1010743.08343149
877,952112.439751585
878,1091442.81035911
879,1006882.5015367
880,1031416.70850663
881,911857.317616862
882,978298.370709356
883,969372.962250947
884,NA
885,955713.810948721
886,891453.790189661
887,868471.463904173
888,973790.118860416
889,960175.514065547
890,947539.431778403
891,999281.314238913
892,917392.589462729
893,1069025.67991333
894,924849.07966375
895,1033304.52346366
896,989526.973464029
897,1044791.4358226
898,1016742.73113083
899,1051449.06773576
900,1034800.13378522
901,933827.444467029
902,910975.135919487
903,1057243.0012005
904,1053162.50031269
905,967681.079946483
906,1087135.7936951
907,1022541.34558359
908,1081808.58652062
909,948541.623927077
910,980905.740843561
911,978986.983874458
912,1106884.4011985
913,1075463.31124527
914,1025676.05796907
915,1038122.21358815
916,1024974.6703448
917,1057800.21287464
918,1132438.97750842
919,926345.039345397
920,926951.137340484
921,1144906.75403769
922,952099.351316335
923,949639.28617806
924,979975.551697509
925,1101612.22010519
926,928932.097752617
927,1008195.56721338
928,1012903.71816154
929,980026.74878961
930,976690.773082354
931,NA
932,961194.453472134
933,898504.355654196
934,1000317.53719934
935,997820.906360293
936,1068584.17658394
937,1028228.13936113
938,NA
939,960267.959350191
940,977656.68895548
941,1034046.97854787
942,1016944.82071575
943,920623.409686732
944,929516.288226134
945,999791.581852575
946,910196.194009277
947,994651.781283587
948,921698.082024033
949,919844.974507683
950,936528.226600745
951,1007839.30338395
952,1092600.60978453
953,999101.303058669
954,965332.09655412
955,974993.134162721
956,924893.463121059
957,862465.311277833
958,1028688.0595764
959,1015012.46456029
960,958647.731999826
961,955633.619580962
962,909701.577558083
963,983247.237715979
964,1001186.38763329
965,905195.279670679
966,1013652.45370051
967,900889.206347007
968,1024649.78731944
969,911789.122149025
970,1091869.43392444
971,969601.305617649
972,1135956.76912434
973,963671.700065363
974,1083683.2397109
975,902428.192478713
976,1002712.11423852
977,973837.068010091
978,982587.631723358
979,974433.158467163
980,1086237.26815233
981,NA
982,894783.541618953
983,NA
984,974684.545972388
985,1087846.79124828
986,1037053.45213094
987,1004226.30300396
988,1039531.94000672
989,1035475.57481194
990,NA
991,969346.206402467
992,935653.479275756
993,957070.714515309
994,948308.155020421
995,1109041.13978857
996,940339.156472987
997,1024530.65611485
998,1064682.8662999
999,1000346.21033382
1000,1074844.37350936
1001,870552.253097187
1002,1069783.6457475
1003,946712.856182041
1004,1113588.89945824
1005,1001156.15214288
1006,966911.401909042
1007,1019316.53621862
1008,930085.903641234
1009,1033100.2625557
1010,1074882.84577842
1011,1054955.00268712
1012,1090151.81556392
1013,1066137.79372936
1014,1087540.63694223
1015,1131960.88565678
1016,915057.585788635
1017,1040519.94534213
1018,998453.458603401
1019,1028422.19899823
1020,966036.289580673
1021,1079066.9465663
1022,936513.051324122
1023,1088683.41830812
1024,1101175.27718531
1025,904515.827900485
1026,1043831.41062891
1027,926010.565144552
1028,1020450.29889823
1029,1056935.00519235
1030,922686.008551728
1031,1014675.60686709
1032,1109284.72151668
1033,975367.896120728
1034,993929.388926882
1035,917964.186056879
1036,1102883.84110262
1037,955355.492320746
1038,1090158.75169959
1039,1040699.49650608
1040,1018430.53796283
1041,954070.002746474
1042,958434.37344431
1043,958660.756257372
1044,1081845.67604324
1045,1005332.37700237
1046,880291.134990188
1047,1029246.76850063
1048,1023048.55055547
1049,989085.434605452
1050,1012629.64649359
1051,948612.365121137
1052,1004328.38394356
1053,1121156.39323147
1054,947574.922029261
1055,888210.03562592
1056,1084248.06337761
1057,1060035.98583475
1058,1052498.79456447
1059,914359.542655969
1060,896703.396746491
1061,992532.063832965
1062,981018.73107868
1063,1045287.11787795
1064,1021302.55705415
1065,1014632.24620799
1066,1063513.69125964
1067,1140464.89305028
1068,1097012.15013723
1069,977327.581740192
1070,967581.663509448
1071,1027099.08207315
1072,955029.166175847
1073,1032399.92237705
1074,1076610.43990858
1075,1056012.04908486
1076,989116.196220637
1077,1046472.08962592
1078,996231.787499167
1079,1058691.84083287
1080,994017.409636719
1081,892410.954493228
1082,970197.328314582
1083,1032592.81593883
1084,932900.098302759
1085,1005003.17621327
1086,1063503.42130042
1087,992907.352443637
1088,1046378.90808125
1089,944355.246000394
1090,906923.96342298
1091,954311.900972494
1092,1070154.28600598
1093,1092102.89353448
1094,1009836.40545322
1095,955411.947546243
1096,1028348.58930645
1097,1123184.88167053
1098,1064005.11280397
1099,950500.401181282
1100,949549.828591361
1101,981951.99089868
1102,1021501.0926686
1103,1039981.03780859
1104,880648.015776469
1105,917482.416132472
1106,970204.53796522
1107,1026485.72092343
1108,1038182.58344624
1109,940305.602062643
1110,1082802.74430276
1111,893717.360137145
1112,1002389.19737672
1113,986019.907222571
1114,1052030.78384787
1115,1070744.95359433
1116,1048711.31958835
1117,888822.028651595
1118,976084.795718456
1119,990844.850813473
1120,1086759.06868034
1121,873231.006629165
1122,1072922.72435882
1123,924159.042096701
1124,1061678.72006653
1125,1041188.42346121
1126,1088068.74060459
1127,1102173.77735225
1128,1023222.24210861
1129,1065210.7159834
1130,1045021.59444905
1131,935522.485459922
1132,939711.168482283
1133,964452.590404904
1134,1047492.39038311
1135,1096976.50152753
1136,973208.95618125
1137,957075.694544902
1138,1083995.38005724
1139,1087216.91360564
1140,1048308.50282815
1141,931987.846597617
1142,1042616.78366405
1143,1045645.54424307
1144,955598.765529452
1145,922177.83500299
1146,920067.106043076
1147,967972.41826448
1148,836029.820710848
1149,1060756.42646597
1150,1026368.76795992
1151,1115305.76886193
1152,1126674.63696045
1153,1024836.63406799
1154,906022.956572704
1155,896005.348458276
1156,1076621.52259993
1157,1128902.73763589
1158,940450.947196466
1159,956373.312593221
1160,886451.311460821
1161,1048135.15949021
1162,896741.317095532
1163,1063877.79337645
1164,1060618.67702438
1165,942838.874101634
1166,965340.155608625
1167,954379.373407175
1168,945608.775242923
1169,1030546.49741683
1170,962211.787349219
1171,997397.636551104
1172,983301.554743201
1173,976801.615010607
1174,1088740.99504641
1175,964327.673042786
1176,1065008.80689468
1177,992000.884069545
1178,1021082.81019228
1179,1073663.13856587
1180,1129807.64526528
1181,1052253.06087434
1182,1048026.59473418
1183,1106533.39514617
1184,973428.757067108
1185,938041.972480147
1186,935539.998112996
1187,915977.876814382
1188,947528.828509267
1189,1015850.57219993
1190,1022466.30445409
1191,962074.049215618
1192,972711.037851464
1193,997699.765633241
1194,945962.403184822
1195,1082661.20666524
1196,970351.306710764
1197,897720.589030015
1198,NA
1199,1002121.46087226
1200,993096.399648885
1201,961820.949196105
1202,1071338.93258097
1203,1053074.02790298
1204,982779.264637167
1205,958572.944242951
1206,1075777.55566458
1207,974548.895179537
1208,891129.420858991
1209,956878.062348164
1210,1018237.294317
1211,997704.846878117
1212,1055025.85065013
1213,904536.828874683
1214,1148456.55489053
1215,985979.09993053
1216,1059670.31161642
1217,904840.061312504
1218,1130363.80990823
1219,1032842.66539057
1220,1043592.99127995
1221,1029575.48551354
1222,979337.712438638
1223,902405.609927115
1224,934751.567002512
1225,1024166.29536237
1226,943281.243558358
1227,1048621.94392131
1228,1005698.39861794
1229,1040211.51246601
1230,973341.961532102
1231,1045321.3976282
1232,943356.161199967
1233,962684.059489282
1234,1027346.6110426
1235,966094.237647065
1236,1025554.10913736
1237,1128275.72848756
1238,1014615.26678464
1239,1039816.11061393
1240,930256.86335819
1241,952395.505110193
1242,916690.605415267
1243,1055316.69970183
1244,1024647.34852409
1245,946212.050299198
1246,954513.809173592
1247,1090935.11176782
1248,NA
1249,1042186.53035023
1250,1059764.79815942
1251,988821.661969357
1252,NA
1253,1025625.62860053
1254,933155.070772443
1255,1102404.97206277
1256,1013919.60789774
1257,1072304.55216683
1258,917410.511215304
1259,1014182.96942631
1260,1107182.39474822
1261,975010.279132601
1262,907908.08964215
1263,1070662.9888196
1264,1100943.24658382
1265,1033821.74746261
1266,NA
1267,1091941.59001742
1268,940717.037984664
1269,882482.821690903
1270,1046739.42542591
1271,934961.293915647
1272,956176.5140393
1273,1100545.06637618
1274,951463.655606214
1275,904874.629224539
1276,1047488.23578114
1277,991811.891703116
1278,1084304.52689015
1279,1078315.59399806
1280,1088011.65172424
1281,879340.962250491
1282,945000.799862097
1283,988549.45226249
1284,1060130.60984706
1285,1118759.61599043
1286,1076008.57986661
1287,958080.236734532
1288,909501.317828592
1289,1045948.83916913
1290,1000845.18972589
1291,1030378.4705639
1292,938782.538505541
1293,1052740.4314525
1294,942119.33979226
1295,935600.739645956
1296,1080658.46696945
1297,1028167.28140651
1298,1015358.98621773
1299,1044621.88025394
1300,925345.764554513
1301,1075765.82997972
1302,876177.845004617
1303,1086826.81211138
1304,994738.035252416
1305,1098142.05287957
1306,912995.375697111
1307,1072550.12777133
1308,1081915.02093508
1309,1040375.67863538
1310,953440.623586993
1311,918689.909542528
1312,1013367.83435608
1313,1041061.78030709
1314,1110303.39459232
1315,1076039.64263669
1316,968536.723136728
1317,1069645.3141567
1318,951701.371558779
1319,1051644.2001854
1320,904636.796405768
1321,990055.072535418
1322,NA
1323,899298.30185157
1324,906239.443313187
1325,884620.571153391
1326,1000485.16426064
1327,NA
1328,949594.135236987
1329,956723.766817705
1330,1129742.23050006
1331,926106.398041559
1332,1064649.68954391
1333,966799.985472735
1334,933134.750437644
1335,1042051.88885235
1336,846133.250765809
1337,1097737.89404427
1338,1029999.40774961
1339,942400.51117287
1340,948548.354836009
1341,974887.520405744
1342,NA
1343,936058.400515125
1344,1024252.06039264
1345,989954.085153119
1346,928574.477693902
1347,1052822.88362046
1348,1023405.58683772
1349,941477.215136793
1350,979835.948976748
1351,1083785.33704223
1352,994944.337356651
1353,949879.439540573
1354,969254.024783577
1355,961761.411473205
1356,1111316.44273987
1357,1035940.27548163
1358,935686.226611632
1359,1012139.90529182
1360,940825.631556162
1361,1062815.62854031
1362,837823.999718401
1363,NA
1364,907973.37151246
1365,1045625.90575697
1366,953409.793826838
1367,946441.168426205
1368,1081520.1106367
1369,1005495.21865698
1370,892154.747207213
1371,1056487.98342438
1372,943255.537023483
1373,1069126.81899282
1374,905446.836997292
1375,1143714.10967297
1376,1013670.74386711
1377,975582.581384287
1378,922817.472291238
1379,1084962.08403304
1380,1096160.20180909
1381,890203.479949348
1382,1061653.95653332
1383,986777.401443671
1384,969308.532862519
1385,910727.581680974
1386,NA
1387,941879.700261363
1388,911622.388742615
1389,1087427.74899139
1390,1088218.76929194
1391,1110803.24415001
1392,1040538.7516638
1393,950211.875293829
1394,988857.946173291
1395,989482.70816922
1396,1072397.0746464
1397,968740.174068676
1398,NA
1399,1038652.05432975
1400,1130819.44615156
1401,1028839.45476311
1402,1041605.22691052
1403,875707.067420956
1404,1021915.31192684
1405,939499.969047908
1406,895975.137562044
1407,NA
1408,891945.326995415
1409,925821.927832243
1410,923862.889291598
1411,963073.936961673
1412,916436.601747496
1413,972012.895351814
1414,921040.272375531
1415,1103535.33626421
1416,1012821.62960202
1417,908993.6475038
1418,1078185.08542917
1419,946361.775467075
1420,943016.813701926
1421,1043509.45204375
1422,1016852.75028406
1423,970464.387944167
1424,1052486.66225256
1425,1129781.21116048
1426,973571.289017563
1427,1037191.06558046
1428,935843.708805837
1429,959614.484332399
1430,1044896.06352141
1431,864458.542169152
1432,970772.839136694
1433,1112273.67718872
1434,954710.901717969
1435,927358.983775819
1436,960824.286502195
1437,976847.066537943
1438,946589.665625686
1439,1062981.513085
1440,1120145.17303668
1441,982604.685385206
1442,1061050.70874874
1443,1018863.23141781
1444,1004582.17875535
1445,1065526.6243954
1446,1057924.27079007
1447,1079187.63229574
1448,917178.934088078
1449,1112213.17926145
1450,1011271.11638763
1451,878422.883157699
1452,1051796.76169434
1453,965123.776714303
1454,1006698.54688108
1455,NA
1456,952178.529963118
1457,1033473.75949196
1458,1039638.40431729
1459,1077929.82396898
1460,987243.364297074
1461,1071696.39201252
1462,1018736.81731704
1463,1045703.93006266
1464,969441.1267104
1465,948771.612942551
1466,967813.387550812
1467,957706.640536676
1468,1121065.68166815
1469,931274.000028479
1470,941589.999684651
1471,1047896.9427789
1472,1014553.2208038
1473,1044982.39021168
1474,1032537.82480976
1475,1049454.77444523
1476,957863.458772996
1477,1109413.00981467
1478,1103097.49076252
1479,922811.013644019
1480,929353.749796356
1481,947018.975701604
1482,1088874.14023952
1483,1154412.18887869
1484,1075151.29311375
1485,996271.045800754
1486,958008.721266286
1487,896679.278516422
1488,1110169.74907018
1489,1040508.93599492
1490,1034788.14713944
1491,1067462.31430143
1492,1047793.17262808
1493,1137024.34239196
1494,1042175.19312154
1495,1053367.21929405
1496,935501.225183044
1497,932340.661123169
1498,1029031.80189284
1499,929605.598495194
1500,993847.267555446
1501,957658.69456086
1502,NA
1503,1057581.35250149
1504,1029076.94664755
1505,1000509.88946508
1506,NA
1507,963566.34417065
1508,880996.843826128
1509,1137028.79803788
1510,926568.122567004
1511,973714.351133057
1512,977904.365255672
1513,975864.206564572
1514,1009084.30026029
1515,1062592.90378209
1516,870800.877666496
1517,NA
1518,1044057.24493541
1519,927447.762162124
1520,909066.84277643
1521,1031587.63736329
1522,1151293.73209064
1523,963552.976510872
1524,945256.374999478
1525,960394.724146047
1526,1019909.13522116
1527,NA
1528,1035882.06541735
1529,988154.139164711
1530,947659.778024603
1531,1091219.00635828
1532,940984.784703998
1533,956270.184385723
1534,NA
1535,1096792.84349855
1536,1017774.8818992
1537,918005.985583694
1538,1008527.419316
1539,942177.982958866
1540,1046412.63422101
1541,NA
1542,1066299.19641448
1543,1000436.29821099
1544,891108.311341445
1545,1100715.09842112
1546,930876.941921287
1547,949354.645864663
1548,1009764.78856568
1549,1063548.61157838
1550,1014545.3421777
1551,1104657.83269175
1552,926747.402107162
1553,1032933.17704877
1554,987184.136211065
1555,1132939.10476692
1556,972152.86017912
1557,888388.000468867
1558,995752.432906657
1559,1013136.30565189
1560,1056994.28046235
1561,1100233.28580495
1562,1100963.72069386
1563,1005714.59011792
1564,1096683.95121193
1565,1075829.20701944
1566,1063128.45943948
1567,992489.367811602
1568,932217.992741462
1569,941187.027702214
1570,952459.375741732
1571,966860.744153713
1572,1057900.79972872
1573,933978.821965749
1574,946332.591078049
1575,990725.552719073
1576,918021.725636281
1577,1066278.46392643
1578,1049059.84835003
1579,NA
1580,1042697.03601866
1581,888870.451606218
1582,942883.667815805
1583,1074330.51353291
1584,1127064.03793843
1585,924532.36210618
1586,876622.044889406
1587,1078309.25935852
1588,830496.329101745
1589,1086669.48284411
1590,984535.475660551
1591,926090.428958163
1592,1038820.5685848
1593,892473.520702504
1594,1004339.0018805
1595,1023343.8463439
1596,1070354.98211615
1597,1030540.48006461
1598,1054951.83810846
1599,1053700.96747916
1600,1033867.96456834
1601,964278.944846765
1602,1022985.91747354
1603,887081.404658107
1604,1078659.80885994
1605,975478.74364799
1606,1070137.98929679
1607,939286.187200817
1608,1027186.56570052
1609,902481.456141642
1610,NA
1611,951594.492889214
1612,1095880.55693497
1613,931512.504855792
1614,1057770.06206008
1615,907902.954602872
1616,1043507.1645948
1617,1014189.95046957
1618,905996.990837999
1619,1028148.54434026
1620,939477.517871444
1621,869535.071126399
1622,1078518.90585277
1623,988504.204174789
1624,966139.997694594
1625,NA
1626,996824.271618459
1627,1055099.14351134
1628,1043800.53804463
1629,NA
1630,1092168.96672746
1631,993635.623606602
1632,NA
1633,1121998.97978361
1634,943463.165318837
1635,1092686.59474253
1636,972398.622462358
1637,1058713.70093458
1638,1100409.35763998
1639,986521.345667984
1640,951218.680097522
1641,975430.619225472
1642,NA
1643,948962.970093181
1644,917161.126719973
1645,1074509.3014399
1646,947251.080735082
1647,1023068.8848754
1648,1049423.84497879
1649,975814.670111824
1650,893209.158310554
1651,959423.797171795
1652,983608.52545892
1653,NA
1654,963953.556212732
1655,908055.776161154
1656,871945.412904503
1657,1077547.65634543
1658,1065703.20109579
1659,1076173.81214986
1660,1087440.2452937
1661,1142260.43027482
1662,1057740.9160763
1663,983889.968125221
1664,1028586.30956658
1665,NA
1666,NA
1667,973159.887684131
1668,1035521.44925615
1669,928438.03622876
1670,996777.781559295
1671,912305.868756715
1672,NA
1673,1109798.69666343
1674,1074631.91422079
1675,975713.440935282
1676,920327.337189012
1677,1017568.1752978
1678,1102475.12498241
1679,NA
1680,902669.913177413
1681,1029535.37571819
1682,1053786.45297614
1683,923443.771562205
1684,971055.352078303
1685,907161.016086826
1686,1063128.38768471
1687,1017375.33936191
1688,1045573.77132901
1689,920625.783574428
1690,1012420.99081188
1691,885389.968047574
1692,955781.890258921
1693,1035918.33329474
1694,996217.525907594
1695,999301.324856575
1696,909403.248717943
1697,947811.723463183
1698,988954.27075543
1699,1078364.61760239
1700,891110.072173541
1701,NA
1702,952490.743272544
1703,915510.862782002
1704,1084481.38062708
1705,975880.47496644
1706,NA
1707,1056827.47721512
1708,972780.444501555
1709,931884.83598471
1710,1017746.15116323
1711,1031772.30402519
1712,1021798.72513443
1713,910037.475140176
1714,1102984.99654405
1715,882100.619479407
1716,1026776.76353794
1717,902234.008027751
1718,NA
1719,1064828.97491315
1720,925120.233156502
1721,961175.945690613
1722,1073542.03581199
1723,994382.631957505
1724,1060999.05814216
1725,1057706.76331772
1726,1079213.53928033
1727,1086150.50472325
1728,1015079.57832982
1729,1020429.53670661
1730,1015108.97290471
1731,984189.374383561
1732,1004704.85494821
1733,1013721.2342808
1734,1073356.7738585
1735,946090.021216347
1736,1009316.54755459
1737,1010625.88626991
1738,1016271.47953055
1739,935721.52413731
1740,951892.196869161
1741,1130674.68952449
1742,1104349.92543513
1743,1018234.21427908
1744,974576.103986731
1745,995833.539818185
1746,953933.925206469
1747,1110919.68962531
1748,961035.492196596
1749,1078549.80259333
1750,978481.280309499
1751,984438.690489944
1752,983571.001090993
1753,946377.876520087
1754,926039.96518546
1755,917240.825140025
1756,NA
1757,878231.951528978
1758,1087194.95130367
1759,934240.400074583
1760,974610.944663618
1761,968416.330185688
1762,1053616.05301482
1763,1071841.24515051
1764,937186.491912665
1765,1066974.70620366
1766,1026653.88472093
1767,933126.637185187
1768,1019212.14014248
1769,1002487.11741919
1770,1088959.79403425
1771,NA
1772,1015725.86870586
1773,934652.027954128
1774,940769.667566535
1775,1149643.78692668
1776,911199.024393769
1777,1096870.99438474
1778,976236.634497914
1779,944020.228954562
1780,927539.722973887
1781,908151.493027233
1782,1013983.65247042
1783,1036210.8224598
1784,951173.303175048
1785,892437.990419545
1786,1068555.78565071
1787,964808.707077126
1788,1130650.14697171
1789,980485.819288902
1790,956077.008835327
1791,1037844.82717119
1792,910317.422537798
1793,938818.336454335
1794,921320.580393526
1795,1096183.56362877
1796,1000434.72260429
1797,1029778.53109197
1798,923412.987988011
1799,880736.921043409
1800,856113.755065538
1801,987175.127192546
1802,1020404.68435118
1803,1085788.50621326
1804,1110151.60112078
1805,1096520.16656279
1806,1032069.49364764
1807,973785.154169102
1808,955674.36531129
1809,935132.267933751
1810,965255.450076331
1811,921007.895704231
1812,1091255.14453723
1813,1061356.33500768
1814,1022492.31539673
1815,985680.027315755
1816,1066499.51173678
1817,1128659.98261834
1818,857033.018535065
1819,1035721.99295838
1820,1059685.98764517
1821,1116480.37793189
1822,1100056.8782903
1823,907530.947529562
1824,1067401.55269164
1825,NA
1826,1059121.85441691
1827,996661.262069665
1828,1000506.56663073
1829,1042739.32653549
1830,949147.458414474
1831,1027175.86996342
1832,930502.842870533
1833,NA
1834,961473.223079332
1835,895957.740703777
1836,1052523.96475307
1837,1134889.84816653
1838,899642.440627374
1839,1009853.98811242
1840,996413.759360962
1841,1014751.96922141
1842,1023728.44025728
1843,1128329.60209389
1844,959813.449701996
1845,1070737.74564578
1846,1073723.20781145
1847,995801.066808754
1848,NA
1849,999848.306588307
1850,1065546.5603878
1851,1065394.33136055
1852,979255.224449829
1853,914700.432840746
1854,995048.169705806
1855,899395.720139471
1856,1013187.65464849
1857,961971.54597445
1858,1031629.1358226
1859,1062366.18178224
1860,996030.96386044
1861,978176.192634714
1862,989591.254437494
1863,1107489.95424285
1864,941617.630417642
1865,1113520.83469247
1866,1004798.9407536
1867,1113512.22474832
1868,954803.296387265
1869,899263.335861759
1870,986705.419394184
1871,1029250.17322182
1872,873578.179661877
1873,1069994.82195857
1874,980707.557578547
1875,1024782.40475375
1876,995084.592178469
1877,1142573.05600534
1878,1064464.0032792
1879,961913.517441727
1880,949162.628629509
1881,1031696.57248732
1882,1088828.94173129
1883,945242.2672996
1884,897863.087933807
1885,907603.459153664
1886,1062226.57454254
1887,1000604.66369888
1888,1027511.18164463
1889,983257.150206922
1890,964718.624179334
1891,1086583.42544245
1892,969538.123212894
1893,966030.497694902
1894,899032.843242102
1895,989485.545721057
1896,1045976.29079767
1897,1097451.84200626
1898,1051698.66999216
1899,965948.243886021
1900,909485.861268631
1901,980421.598550668
1902,912273.911347172
1903,1093495.06324147
1904,968281.18640034
1905,1107536.38267556
1906,1093164.15938179
1907,937093.81490039
1908,1015014.2021939
1909,970220.222530497
1910,1117590.16278019
1911,960097.653374131
1912,959903.99880645
1913,907274.164448393
1914,1068499.66264448
1915,1001443.57190804
1916,981233.018695705
1917,987415.972988227
1918,NA
1919,965270.102074926
1920,1050051.21678721
1921,1042644.91544181
1922,NA
1923,970639.635095026
1924,911189.643581206
1925,931084.134568042
1926,986489.086251539
1927,1001405.68989016
1928,1108143.26861032
1929,959301.66806816
1930,1077723.18847178
1931,885993.349415157
1932,1049529.23986706
1933,970436.487453741
1934,943736.481615088
1935,876083.29510203
1936,899559.321582571
1937,1018522.0832274
1938,968388.830100687
1939,912345.941431221
1940,1098372.23384308
1941,997180.500222312
1942,940010.446749461
1943,981307.019952554
1944,947240.255082838
1945,995780.756726772
1946,939154.53500312
1947,977955.419387195
1948,1047428.97943899
1949,966058.720465931
1950,1087811.25792476
1951,967356.574761018
1952,1034497.38519295
1953,1008260.52105735
1954,1102402.37385978
1955,872452.746593203
1956,1118161.33293265
1957,910265.942329202
1958,1059166.45603716
1959,1016844.67514939
1960,1042698.23611036
1961,1054181.46913736
1962,1053233.96658519
1963,961541.824597708
1964,1061943.55201424
1965,1011090.68419305
1966,962706.253632192
1967,1022024.70825013
1968,1055027.3374622
1969,904064.416240993
1970,987480.168989141
1971,904616.72745731
1972,1017247.06695361
1973,876474.063204511
1974,1080922.41891553
1975,915266.8601301
1976,986282.677202399
1977,948066.437943149
1978,938844.999723185
1979,947684.526283205
1980,994324.62907249
1981,1000829.0964554
1982,978624.839035238
1983,1020910.62762237
1984,1106156.88617015
1985,982748.761289228
1986,1058825.84513915
1987,1084041.05559443
1988,1063141.18890808
1989,1090359.73795966
1990,912897.403007026
1991,1052950.67338096
1992,1022899.36444392
1993,905799.415630342
1994,1030494.57413478
1995,1065458.43046521
1996,1098713.69628898
1997,842010.014810794
1998,1078454.19250728
1999,961181.754971552
2000,952613.172580075
